{"colors":[{"r":1.0,"g":1.0,"b":1.0,"a":1.0},{"r":1.0,"g":0.0,"b":0.0,"a":1.0},{"r":0.12577319145202638,"g":1.0,"b":0.0,"a":1.0},{"r":1.0,"g":0.89104825258255,"b":0.0,"a":1.0}],"IsInited":false}
